№ П/П!Наименование работ и профессий !Периодичность осмотров !Участие врачей-специалистов <1>, <2>, <3> !Лабораторные и функциональные исследования <1>, <2> !Дополнительные медицинские противопоказания <4> 
1!1. Работы на высоте, верхолазные работы <5>, а также работы по обслуживанию подъемных сооружений, включая: !1 раз в год !Невролог !Острота зрения !1) Грыжи, препятствующие работе и имеющие наклонность к ущемлению 
1! ! !Офтальмолог !Поля зрения !2) Хронические заболевания периферической нервной системы с обострениями 3 и более раза за календарный год 
1! ! !Хирург !Аудиометрия !3) Хроническая ишемия мозга (дисциркуляторная энцефалопатия) 
1! ! !Оториноларинголог (только для верхолазных работ) !Исследование вестибулярного анализатора !4) Заболевания любой этиологии, вызывающие нарушение функции вестибулярного аппарата, синдромы головокружения, нистагм (болезнь Меньера, лабиринтиты, вестибулярные кризы любой этиологии и др.) 
1! ! ! ! !5) Нарушение функции вестибулярного анализатора любой этиологии 
1! ! ! ! !6) Стойкое понижение слуха (3 и более месяца) любой этиологии одно- и двустороннее (острота слуха: шепотная речь не менее 3 м), за исключением отсутствия слуха, выраженных и значительно выраженных нарушений слуха (глухота и III, IV степень тугоухости) у лиц, прошедших профессиональное обучение, в том числе обучение безопасным методам и приемам выполнения работ
1! ! ! ! !7) Болезни органов зрения: 
1! ! ! ! !а) острота зрения без коррекции ниже 0,5 на одном глазу и ниже 0,2 - на другом; 
1! ! ! ! !б) ограничение поля зрения более чем 20°; 
1! ! ! ! !в) не поддающиеся лечению дакриоциститы и неизлечимое слезотечение; 
1! ! ! ! !г) миопия высокой степени 
1! ! ! ! !8) Рецидивирующий тромбофлебит геморроидальных вен и вен нижних конечностей 
1! ! ! ! !9) Беременность и период лактации 
1.1!1.1. Работы в качестве крановщика (машиниста крана) !1 раз в 2 года !Невролог !Острота зрения !1) Грыжи, препятствующие работе и имеющие наклонность к ущемлению 
1.1! ! !Офтальмолог !Поля зрения !2) Хронические заболевания периферической нервной системы с обострениями 3 и более раза за календарный год 
1.1! ! !Хирург !Аудиометрия !3) Хроническая ишемия мозга (дисциркуляторная энцефалопатия) 
1.1! ! !Оториноларинголог (только для работ на высоте) !Исследование вестибулярного анализатора !4) Стойкое понижение слуха (3 и более месяца) любой этиологии, одно- и двустороннее (острота слуха: шепотная речь не менее 3 м) 
1.1! ! ! ! !5) Нарушение функции вестибулярного анализатора любой этиологии 
1.1! ! ! ! !6) Заболевания любой этиологии, вызывающие нарушение функции вестибулярного аппарата, синдромы головокружения, нистагм (болезнь Меньера, лабиринтиты, вестибулярные кризы любой этиологии и др.) 
1.1! ! ! ! !7) Болезни органов зрения: 
1.1! ! ! ! !а) острота зрения без коррекции ниже 0,5 на одном глазу и ниже 0,2 - на другом; 
1.1! ! ! ! !б) ограничение поля зрения более чем 20°; 
1.1! ! ! ! !в) не поддающиеся лечению дакриоциститы и неизлечимое слезотечение; 
1.1! ! ! ! !г) миопия высокой степени 
1.1! ! ! ! !8) Рецидивирующий тромбофлебит геморроидальных вен и вен нижних конечностей 
1.1! ! ! ! !9) Беременность и период лактации 
1.2!1.2. Работа лифтера (к приему на работу для лифтеров обычных лифтов противопоказаний нет) !1 раз в 2 года !Невролог !Острота зрения !1) Нарушение функции вестибулярного анализатора любой этиологии 
1.2! ! !Офтальмолог !Аудиометрия !2) Стойкое понижение слуха (3 и более месяца) любой этиологии, одно- и двустороннее (острота слуха: шепотная речь не менее 3 м) 
1.2! ! !Оториноларинголог !Исследование вестибулярного анализатора !3) Острота зрения с коррекцией ниже 0,5 на одном глазу и ниже 0,2 - на другом, или 0,7 при отсутствии бинокулярного зрения 
1.2! ! ! ! !4) Беременность и период лактации 
2!2. Работы по обслуживанию и ремонту действующих электроустановок с напряжением 42 В и выше переменного тока, 110 В и выше постоянного тока, а также монтажные, наладочные работы, испытания и измерения в этих электроустановках !1 раз в 2 года !Офтальмолог !Острота зрения !1) Стойкое понижение слуха (3 и более месяца) любой этиологии, одно- и двустороннее (острота слуха: шепотная речь не менее 3 м) (кроме работ по ремонту и эксплуатации ЭВМ), за исключением отсутствия слуха, выраженных и значительно выраженных нарушений слуха (глухота и III, IV степень тугоухости) у лиц, прошедших профессиональное обучение, в том числе обучение безопасным методам и приемам выполнения работ
2! ! !Оториноларинголог !Поля зрения !2) Острота зрения с коррекцией ниже 0,5 на одном глазу и ниже 0,2 - на другом 
2! ! !Невролог !Исследование вестибулярного анализатора !3) Стойкое слезотечение, не поддающееся лечению 
2! ! ! !Аудиометрия !4) Ограничение поля зрения более чем на 20° по любому из меридианов 
2! ! ! ! !5) Нарушение функции вестибулярного анализатора любой этиологии 
2! ! ! ! !6) Беременность и период лактации 
3!3. Работы по валке, сплаву, транспортировке, первичной обработке, охране и восстановлению лесов !1 раз в 2 года !Невролог !Острота зрения !1) Рецидивирующий тромбофлебит геморроидальных вен и вен нижних конечностей 
3! ! !Хирург !Исследование вестибулярного анализатора !2) Грыжи, препятствующие работе и имеющие склонность к ущемлению при выполнении работ средней тяжести 
3! ! !Оториноларинголог !Аудиометрия !3) Хронические заболевания периферической нервной системы с обострениями 3 раза и более за календарный год при выполнении работ средней тяжести 
3! ! !Офтальмолог !Реовазография сосудов конечностей !4) Стойкое понижение слуха (3 и более месяца) любой этиологии, одно- и двустороннее (острота слуха: шепотная речь менее 3 м) 
3! ! ! ! !5) Нарушение функции вестибулярного анализатора любой этиологии 
3! ! ! ! !6) Заболевания любой этиологии, вызывающие нарушение функции вестибулярного аппарата, синдромы головокружения, нистагм (болезнь Меньера, лабиринтиты, вестибулярные кризы любой этиологии и др.) 
3! ! ! ! !7) Острота зрения с коррекцией ниже 0,5 на одном глазу и ниже 0,2 - на другом 
3! ! ! ! !8) Беременность и период лактации 
4!4. Работы в особых географических регионах со значительным удалением мест проведения работ от медицинских учреждений, оказывающих специализированную медицинскую помощь, включая: !1 раз в год !Невролог !Острота зрения !1) Грыжи с наклонностью к ущемлению, выпадение прямой кишки 
4! ! !Офтальмолог !Спирометрия !Подпункт 2) - Утратил силу. 
4! ! !Хирург !Исследование вестибулярного анализатора !3) Нарушение функции вестибулярного анализатора любой этиологии 
4! ! !Оториноларинголог !ФГДС !4) Заболевания любой этиологии, вызывающие нарушение функции вестибулярного аппарата, синдромы головокружения, нистагм (болезнь Меньера, лабиринтиты, вестибулярные кризы любой этиологии и др.) 
4!!!Стоматолог !АЛТ АСТ !5) Хронические заболевания периферической нервной системы с обострениями 3 и более раза за календарный год
4!!!Дерматовенеролог !Билирубин УЗИ брюшной полости !6) Острота зрения с коррекцией ниже 0,5 на одном глазу и ниже 0,2 - на другом 
4!!!!!7) Стойкое слезотечение, не поддающееся лечению 
4!!!!!8) Рецидивирующая язвенная болезнь желудка и 12-перстной кишки с обострениями 2 раза и более за календарный год 
4!!!!!9) Хронические заболевания гепатобилиарной системы с обострениями 2 раза и более за календарный год 
4!!!!!10) Бронхиальная астма 
4!!!!!11) Хронические воспалительные и дисгормональные заболевания матки и придатков с частотой обострения 3 раза и более за календарный год 
4!!!!!12) Хронические болезни почек и мочевыводящих путей 
4!!!!!13) Болезни полости рта, зубов и челюстей (хронический гингивит, стоматит, пародонтит), отсутствие зубов, множественный кариес 
4!!!!!14) Хронические рецидивирующие заболевания кожи с частотой обострения 4 раза и более за календарный год 
4!!!!!15) Беременность и период лактации 
4.1!4.1. Работы в нефтяной и газовой промышленности, выполняемые в районах Крайнего Севера и приравненных к ним местностях, пустынных и других отдаленных и недостаточно обжитых районах, а также при морском бурении !1 раз в год !Невролог !Острота зрения !1) Грыжи с наклонностью к ущемлению, выпадение прямой кишки 
4.1!! !Офтальмолог !Спирометрия !Подпункт 2) - Утратил силу. 
4.1!! !Хирург !Исследование вестибулярного анализатора !3) Нарушение функции вестибулярного анализатора любой этиологии 
4.1!! !Оториноларинголог !ФГДС !4) Заболевания любой этиологии, вызывающие нарушение функции вестибулярного аппарата, синдромы головокружения, нистагм (болезнь Меньера, лабиринтиты, вестибулярные кризы любой этиологии и др.) 
4.1!!!Стоматолог !АЛТ АСТ !5) Хронические заболевания периферической нервной системы с обострениями 3 и более раза за календарный год
4.1!!!Дерматовенеролог !Билирубин УЗИ брюшной полости !6) Острота зрения с коррекцией ниже 0,5 на одном глазу и ниже 0,2 - на другом 
4.1!!!!!7) Стойкое слезотечение, не поддающееся лечению 
4.1!!!!!8) Рецидивирующая язвенная болезнь желудка и 12-перстной кишки с обострениями 2 раза и более за календарный год 
4.1!!!!!9) Хронические заболевания гепатобилиарной системы с обострениями 2 раза и более за календарный год 
4.1!!!!!10) Бронхиальная астма 
4.1!!!!!11) Хронические воспалительные и дисгормональные заболевания матки и придатков с частотой обострения 3 раза и более за календарный год 
4.1!!!!!12) Хронические болезни почек и мочевыводящих путей 
4.1!!!!!13) Болезни полости рта, зубов и челюстей (хронический гингивит, стоматит, пародонтит), отсутствие зубов, множественный кариес 
4.1!!!!!14) Хронические рецидивирующие заболевания кожи с частотой обострения 4 раза и более за календарный год 
4.1!!!!!15) Беременность и период лактации 
4.2!4.2. Работы на гидрометеорологических станциях, сооружениях связи, расположенных в полярных, высокогорных, пустынных, таежных и других отдаленных и недостаточно обжитых районах, в сложных климатических условиях !1 раз в год !Невролог !Острота зрения !1) Грыжи с наклонностью к ущемлению, выпадение прямой кишки 
4.2! ! !Офтальмолог !Спирометрия !Подпункт 2) - Утратил силу. 
4.2! ! !Хирург !Исследование вестибулярного анализатора !3) Нарушение функции вестибулярного анализатора любой этиологии 
4.2!! !Оториноларинголог !ФГДС !4) Заболевания любой этиологии, вызывающие нарушение функции вестибулярного аппарата, синдромы головокружения, нистагм (болезнь Меньера, лабиринтиты, вестибулярные кризы любой этиологии и др.) 
4.2!!!Стоматолог !АЛТ АСТ !5) Хронические заболевания периферической нервной системы с обострениями 3 и более раза за календарный год
4.2!!!Дерматовенеролог !Билирубин УЗИ брюшной полости !6) Острота зрения с коррекцией ниже 0,5 на одном глазу и ниже 0,2 - на другом 
4.2!!!!!7) Стойкое слезотечение, не поддающееся лечению 
4.2!!!!!8) Рецидивирующая язвенная болезнь желудка и 12-перстной кишки с обострениями 2 раза и более за календарный год 
4.2!!!!!9) Хронические заболевания гепатобилиарной системы с обострениями 2 раза и более за календарный год 
4.2!!!!!10) Бронхиальная астма 
4.2!!!!!11) Хронические воспалительные и дисгормональные заболевания матки и придатков с частотой обострения 3 раза и более за календарный год 
4.2!!!!!12) Хронические болезни почек и мочевыводящих путей 
4.2!!!!!13) Болезни полости рта, зубов и челюстей (хронический гингивит, стоматит, пародонтит), отсутствие зубов, множественный кариес 
4.2!!!!!14) Хронические рецидивирующие заболевания кожи с частотой обострения 4 раза и более за календарный год 
4.2! !!!!15) Беременность и период лактации 
4.3!4.3. Геологоразведочные, строительные и другие работы в отдаленных, малонаселенных, труднодоступных, заболоченных и горных районах (в том числе вахтово-экспедиционным методом) !1 раз в год !Невролог !Острота зрения !1) Грыжи с наклонностью к ущемлению, выпадение прямой кишки 
4.3!! !Офтальмолог !Спирометрия !Подпункт 2) - Утратил силу. 
4.3!! !Хирург !Исследование вестибулярного анализатора !3) Нарушение функции вестибулярного анализатора любой этиологии 
4.3!! !Оториноларинголог !ФГДС !4) Заболевания любой этиологии, вызывающие нарушение функции вестибулярного аппарата, синдромы головокружения, нистагм (болезнь Меньера, лабиринтиты, вестибулярные кризы любой этиологии и др.) 
4.3!!!Стоматолог !АЛТ АСТ !5) Хронические заболевания периферической нервной системы с обострениями 3 и более раза за календарный год
4.3!!!Дерматовенеролог !Билирубин УЗИ брюшной полости !6) Острота зрения с коррекцией ниже 0,5 на одном глазу и ниже 0,2 - на другом 
4.3!!!!!7) Стойкое слезотечение, не поддающееся лечению 
4.3!!!!!8) Рецидивирующая язвенная болезнь желудка и 12-перстной кишки с обострениями 2 раза и более за календарный год 
4.3!!!!!9) Хронические заболевания гепатобилиарной системы с обострениями 2 раза и более за календарный год 
4.3!!!!!10) Бронхиальная астма 
4.3!!!!!11) Хронические воспалительные и дисгормональные заболевания матки и придатков с частотой обострения 3 раза и более за календарный год 
4.3! !!!!12) Хронические болезни почек и мочевыводящих путей 
4.3! !!!!13) Болезни полости рта, зубов и челюстей (хронический гингивит, стоматит, пародонтит), отсутствие зубов, множественный кариес 
4.3! !!!!14) Хронические рецидивирующие заболевания кожи с частотой обострения 4 раза и более за календарный год 
4.3! !!!!15) Беременность и период лактации 
4.4!4.4. Работы, выполняемые по трудовым договорам в районах Крайнего Севера и приравненных к ним местностях !1 раз в год !Невролог !Острота зрения !1) Грыжи с наклонностью к ущемлению, выпадение прямой кишки 
4.4! ! !Офтальмолог !Спирометрия !Подпункт 2) - Утратил силу. 
4.4!! !Хирург !Исследование вестибулярного анализатора !3) Нарушение функции вестибулярного анализатора любой этиологии 
4.4!! !Оториноларинголог !ФГДС !4) Заболевания любой этиологии, вызывающие нарушение функции вестибулярного аппарата, синдромы головокружения, нистагм (болезнь Меньера, лабиринтиты, вестибулярные кризы любой этиологии и др.) 
4.4!!!Стоматолог !АЛТ АСТ !5) Хронические заболевания периферической нервной системы с обострениями 3 и более раза за календарный год
4.4!!!Дерматовенеролог !Билирубин УЗИ брюшной полости !6) Острота зрения с коррекцией ниже 0,5 на одном глазу и ниже 0,2 - на другом 
4.4!!!!!7) Стойкое слезотечение, не поддающееся лечению 
4.4!!!!!8) Рецидивирующая язвенная болезнь желудка и 12-перстной кишки с обострениями 2 раза и более за календарный год 
4.4!!!!!9) Хронические заболевания гепатобилиарной системы с обострениями 2 раза и более за календарный год 
4.4!!!!!10) Бронхиальная астма 
4.4!!!!!11) Хронические воспалительные и дисгормональные заболевания матки и придатков с частотой обострения 3 раза и более за календарный год 
4.4!!!!!12) Хронические болезни почек и мочевыводящих путей 
4.4!!!!!13) Болезни полости рта, зубов и челюстей (хронический гингивит, стоматит, пародонтит), отсутствие зубов, множественный кариес 
4.4!!!!!14) Хронические рецидивирующие заболевания кожи с частотой обострения 4 раза и более за календарный год 
4.4! !!!!15) Беременность и период лактации 
5!5. Работы, непосредственно связанные с обслуживанием сосудов, находящихся под давлением !1 раз в 2 года !Офтальмолог !Спирометрия !1) Острота зрения с коррекцией ниже 0,5 на одном глазу и ниже 0,2 - на другом с коррекцией 
5! ! !Оториноларинголог !Острота зрения !2) Ограничение поля зрения более чем на 20° 
5! ! !Невролог !Поля зрения !3) Стойкое слезотечение, не поддающееся лечению 
5! ! !Дерматовенеролог !Исследование вестибулярного анализатора !4) Стойкое понижение слуха (3 и более месяца) любой этиологии, одно- и двустороннее (острота слуха: шепотная речь менее 3 м) 
5! ! !Стоматолог !Аудиометрия !5) Нарушение функции вестибулярного анализатора любой этиологии 
5! ! ! ! !6) Заболевания любой этиологии, вызывающие нарушение функции вестибулярного аппарата, синдромы головокружения, нистагм (болезнь Меньера, лабиринтиты, вестибулярные кризы любой этиологии и др.) 
5! ! ! ! !7) Хронические рецидивирующие заболевания кожи с частотой обострения 4 раза и более за календарный год 
5! ! ! ! !8) Заболевания, препятствующие работе в противогазе (для работников службы газнадзора) 
5! ! ! ! !9) Беременность и период лактации 
6!6. Работы, непосредственно связанные с применением легковоспламеняющихся и взрывчатых материалов, работы во взрыво- и пожароопасных производствах !1 раз в год !Невролог !Спирометрия !1) Хронические заболевания периферической нервной системы 
6! ! !Офтальмолог !Исследование функции вестибулярного аппарата !2) Стойкое понижение слуха (3 и более месяца) любой этиологии, одно- и двустороннее (острота слуха: шепотная речь менее 3 м) 
6! ! !Оториноларинголог ! !3) Нарушение функции вестибулярного анализатора любой этиологии 
6! ! !Дерматовенеролог ! !4) Заболевания любой этиологии, вызывающие нарушение функции вестибулярного аппарата, синдромы головокружения, нистагм (болезнь Меньера, лабиринтиты, вестибулярные кризы любой этиологии и др.) 
6! ! ! ! !5) Стойкое слезотечение, не поддающееся лечению 
6! ! ! ! !6) Хронические рецидивирующие заболевания кожи с частотой обострения 4 раза и более за календарный год 
6! ! ! ! !7) Беременность и период лактации 
7!7. Работы в военизированной охране, службах спецсвязи, аппарате инкассации, банковских структурах, других ведомствах и службах, которым разрешено ношение оружия и его применение !1 раз в год !Невролог !Острота зрения !1) Отсутствие конечности, кисти или пальцев кисти с нарушением функции хвата, стопы 
7! ! !Оториноларинголог !Поля зрения !2) Заболевания сосудов (облитерирующий эндартериит, варикозное расширение вен и др.) 
7! ! !Офтальмолог !Аудиометрия !3) Хронические заболевания периферической нервной системы с частотой обострения 3 раза и более за календарный год 
7! ! !Дерматовенеролог !Исследование вестибулярной функции !4) Хронические рецидивирующие заболевания кожи с частотой обострения 4 раза и более за календарный год 
7! ! !Хирург! !5) Острота зрения с коррекцией ниже 0,5 на одном глазу, ниже 0,2 - на другом, или 0,7 на одном глазу при отсутствии зрения на другом 
7! ! ! ! !6) Ограничение поля зрения более чем на 20° по любому из меридианов 
7! ! ! ! !7) Стойкое понижение слуха (3 и более месяца) любой этиологии, одно- и двустороннее (острота слуха: шепотная речь не менее 3 м) 
7! ! ! ! !8) Нарушение функции вестибулярного анализатора любой этиологии 
7! ! ! ! !9) Заболевания любой этиологии, вызывающие нарушение функции вестибулярного аппарата, синдромы головокружения, нистагм (болезнь Меньера, лабиринтиты, вестибулярные кризы любой этиологии и др.) 
7! ! ! ! !10) Беременность и период лактации 
8!8. Работы, выполняемые газоспасательной службой, добровольными газоспасательными дружинами, военизированными частями и отрядами по предупреждению и ликвидации открытых газовых и нефтяных фонтанов, военизированными горными и горноспасательными службами министерств и ведомств, пожарной охраной !1 раз в год !Невролог !Спирометрия !1) Заболевания сердечно-сосудистой системы, даже при наличии компенсации 
8! ! !Оториноларинголог !Острота зрения !2) Хронические заболевания периферической нервной системы с частотой обострения 3 раза и более за календарный год 
8! ! !Офтальмолог !Поля зрения !3) Хронические заболевания органов дыхания с частотой обострения 3 раза и более за календарный год 
8! ! !Хирург !Аудиометрия !4) Болезни зубов, полости рта, отсутствие зубов, мешающее захватыванию загубника, наличие съемных протезов, альвеолярная пиоррея, стоматиты, периодонтит, анкилозы и контрактуры нижней челюсти, челюстной артрит 
8! ! !Стоматолог !Исследование вестибулярного анализатора !5) Общее физическое недоразвитие и недоразвитие опорнодвигательного аппарата 
8! ! ! !*ЭНМГ !6) Доброкачественные новообразования, препятствующие выполнению работ в противогазах 
8! ! ! ! !7) Грыжи (все виды) 
8! ! ! ! !8) Облитерирующие заболевания сосудов вне зависимости от степени компенсации 
8! ! ! ! !9) Варикозная болезнь и рецидивирующий тромбофлебит нижних конечностей и геморроидальных вен. Лимфангиит и другие нарушения лимфооттока 
8! ! ! ! !10) Искривление носовой перегородки с нарушением функции носового дыхания 
8! ! ! ! !11) Хронические заболевания верхних дыхательных путей с частотой обострения 3 раза и более за календарный год 
8! ! ! ! !12) Хронические заболевания среднего уха 
8! ! ! ! !13) Стойкое понижение слуха (3 и более месяца) любой этиологии, одно- или двустороннее (острота слуха: шепотная речь менее 3 м) 
8! ! ! ! !14) Нарушение функции вестибулярного анализатора любой этиологии 
8! ! ! ! !15) Заболевания любой этиологии, вызывающие нарушение функции вестибулярного аппарата, синдромы головокружения, нистагм (болезнь Меньера, лабиринтиты, вестибулярные кризы любой этиологии и др.) 
8! ! ! ! !16) Понижение остроты зрения ниже 0,8 на одном глазу и ниже 0,5 - на другом, коррекция не допускается 
8! ! ! ! !17) Хронические заболевания слезовыводящих путей, век, органические недостатки век, препятствующие полному их смыканию, свободному движению глазного яблока 
8! ! ! ! !18) Ограничение поля зрения более чем на 20° 
8! ! ! ! !19) Болезни эндокринной системы, требующие постоянной лекарственной коррекции 
8! ! ! ! !20) Беременность и период лактации 
9!9. Работы, выполняемые аварийно-спасательными службами по предупреждению и ликвидации чрезвычайных ситуаций природного и техногенного характера !1 раз в год !Оториноларинголог !Спирометрия!1) Заболевания сердечно-сосудистой системы, даже при наличии компенсации 
9! ! !Невролог !Исследование вестибулярного анализатора !2) Хронические заболевания периферической нервной системы с частотой обострения 3 раза и более за календарный год 
9! ! !Офтальмолог !Острота зрения !3) Хронические заболевания органов дыхания с частотой обострения 3 раза и более за календарный год 
9! ! !Хирург !Поля зрения !4) Болезни зубов, полости рта, отсутствие зубов, мешающее захватыванию загубника, наличие съемных протезов, альвеолярная пиоррея, стоматиты, периодонтит, анкилозы и контрактуры нижней челюсти, челюстной артрит 
9! ! !Стоматолог !Аудиометрия !5) Общее физическое недоразвитие и недоразвитие опорнодвигательного аппарата 
9! ! ! ! !6) Доброкачественные новообразования, препятствующие выполнению работ в противогазах 
9! ! ! ! !7) Грыжи (все виды) 
9! ! ! ! !8) Облитерирующие заболевания сосудов вне зависимости от степени компенсации 
9! ! ! ! !9) Варикозная болезнь и рецидивирующий тромбофлебит нижних конечностей и геморроидальных вен. Лимфангиит и другие нарушения лимфооттока 
9! ! ! ! !10) Искривление носовой перегородки с нарушением функции носового дыхания 
9! ! ! ! !11) Хронические заболевания верхних дыхательных путей с частотой обострения 3 раза и более за календарный год 
9! ! ! ! !12) Хронические заболевания среднего уха 
9! ! ! ! !13) Стойкое понижение слуха (3 и более месяца) любой этиологии, одно- и двустороннее (острота слуха: шепотная речь не менее 3 м) 
9! ! ! ! !14) Нарушение функции вестибулярного анализатора любой этиологии 
9! ! ! ! !15) Заболевания любой этиологии, вызывающие нарушение функции вестибулярного аппарата, синдромы головокружения, нистагм (болезнь Меньера, лабиринтиты, вестибулярные кризы любой этиологии и др.) 
9! ! ! ! !16) Понижение остроты зрения ниже 0,8 на одном глазу и ниже 0,5 - на другом, коррекция не допускается 
9! ! ! ! !17) Хронические заболевания слезовыводящих путей, век, органические недостатки век, препятствующие полному их смыканию, свободному движению глазного яблока 
9! ! ! ! !18) Ограничение поля зрения более чем на 20° 
9! ! ! ! !19) Болезни эндокринной системы, требующие постоянной лекарственной коррекции 
9! ! ! ! !20) Беременность и период лактации 
10!10. Работы, выполняемые непосредственно на механическом оборудовании, имеющем открытые движущиеся (вращающиеся) элементы конструкции (токарные, фрезерные и другие станки, штамповочные прессы и др.) !1 раз в 2 года !Офтальмолог !Поля зрения !1) Острота зрения с коррекцией ниже 0,5 на одном глазу, ниже 0,2 - на другом 
10! ! !Невролог !Острота зрения !2) Нарушение функции вестибулярного анализатора любой этиологии 
10! ! !Оториноларинголог !Исследование вестибулярного анализатора !3) Заболевания любой этиологии вызывающие нарушение функции вестибулярного аппарата, синдромы головокружения, нистагм (болезнь Меньера, лабиринтиты, вестибулярные кризы любой этиологии и др.) 
10! ! ! !Аудиометрия !4) Стойкое понижение слуха (3 и более месяца) любой этиологии, одно- или двустороннее (острота слуха: шепотная речь менее 3 м), за исключением отсутствия слуха, выраженных и значительно выраженных нарушений слуха (глухота и III, IV степень тугоухости) у лиц, прошедших профессиональное обучение, в том числе обучение безопасным методам и приемам выполнения работ
10! ! ! ! !5) Ограничение поля зрения более чем на 20° по любому из меридианов 
10! ! ! ! !6) Беременность и период лактации 
11!11. Работы под водой, выполняемые работниками, пребывающими в газовой среде в условиях нормального давления !1 раз в 2 года !Невролог !Спирометрия !1) Заболевания сердечно-сосудистой системы, даже при наличии компенсации 
11! ! !Оториноларинголог !Исследование вестибулярного анализатора !2) Хронические заболевания периферической нервной системы с частотой обострения 3 раза и более за календарный год 
11! ! !Офтальмолог !Аудиометрия !3) Хронические заболевания органов дыхания с частотой обострения 3 раза и более за календарный год 
11! ! !Хирург ! !4) Болезни зубов, полости рта, отсутствие зубов, мешающее захватыванию загубника, наличие съемных протезов, альвеолярная пиоррея, стоматиты, периодонтит, анкилозы и контрактуры нижней челюсти, челюстной артрит 
11! ! !Стоматолог ! !5) Общее физическое недоразвитие и недоразвитие опорнодвигательного аппарата 
11! ! ! ! !6) Доброкачественные новообразования, препятствующие выполнению работ в противогазах 
11! ! ! ! !7) Грыжи (все виды) 
11! ! ! ! !8) Облитерирующие заболевания сосудов вне зависимости от степени компенсации 
11! ! ! ! !9) Варикозная болезнь и рецидивирующий тромбофлебит нижних конечностей и геморроидальных вен. Лимфангиит и другие нарушения лимфооттока 
11! ! ! ! !10) Искривление носовой перегородки с нарушением функции носового дыхания 
11! ! ! ! !11) Хронические заболевания верхних дыхательных путей с частотой обострения 3 раза и более за календарный год 
11! ! ! ! !12) Хронические заболевания среднего уха 
11! ! ! ! !13) Стойкое понижение слуха (3 и более месяца) любой этиологии, одно- или двустороннее (острота слуха: шепотная речь менее 3 м) 
11! ! ! ! !14) Нарушение функции вестибулярного анализатора любой этиологии 
11! ! ! ! !15) Заболевания любой этиологии, вызывающие нарушение функции вестибулярного аппарата, синдромы головокружения, нистагм (болезнь Меньера, лабиринтиты, вестибулярные кризы любой этиологии и др.) 
11! ! ! ! !16) Понижение остроты зрения ниже 0,8 на одном глазу и ниже 0,5 - на другом, коррекция не допускается 
11! ! ! ! !17) Хронические заболевания слезовыводящих путей, век, органические недостатки век, препятствующие полному их смыканию, свободному движению глазного яблока 
11! ! ! ! !18) Ограничение поля зрения более чем на 20° 
11! ! ! ! !19) Болезни эндокринной системы, требующие постоянной лекарственной коррекции 
11! ! ! ! !20) Беременность и период лактации 
12!12. Подземные работы !1 раз в год !Оториноларинголог !Спирометрия !1) Заболевания сердечно-сосудистой системы, даже при наличии компенсации 
12! ! !Офтальмолог !Исследование вестибулярного анализатора ! 
12! ! !Хирург !Острота зрения ! 
12! ! !Стоматолог !Поля зрения !2) Хронические заболевания периферической нервной системы с частотой обострения 3 раза и более за календарный год 
12! ! ! !Аудиометрия !3) Хронические заболевания органов дыхания с частотой обострения 3 раза и более за календарный год 
12! ! ! !*Офтальмоскопия глазного дна !4) Хронические болезни зубов, полости рта, отсутствие зубов, мешающее захватыванию загубника, наличие съемных протезов, альвеолярная пиоррея, стоматиты, периодонтит, анкилозы и контрактуры нижней челюсти, челюстной артрит 
12! ! ! ! !5) Общее физическое недоразвитие и недоразвитие опорнодвигательного аппарата 
12! ! ! ! !6) Доброкачественные новообразования, препятствующие выполнению работ в противогазах 
12! ! ! ! !7) Грыжи (все виды) 
12! ! ! ! !8) Облитерирующие заболевания сосудов вне зависимости от степени компенсации 
12! ! ! ! !9) Варикозная болезнь и рецидивирующий тромбофлебит нижних конечностей и геморроидальных вен. Лимфангиит и другие нарушения лимфооттока 
12! ! ! ! !10) Искривление носовой перегородки с нарушением функции носового дыхания 
12! ! ! ! !11) Хронические заболевания среднего уха с частотой обострения 3 раза и более за календарный год 
12! ! ! ! !12) Стойкое понижение слуха (3 и более месяца) любой этиологии одно- и двустороннее (острота слуха: шепотная речь не менее 3 м) 
12! ! ! ! !13) Нарушение функции вестибулярного анализатора любой этиологии 
12! ! ! ! !14) Заболевания любой этиологии, вызывающие нарушение функции вестибулярного аппарата, синдромы головокружения, нистагм (болезнь Меньера, лабиринтиты, вестибулярные кризы любой этиологии и др.) 
12! ! ! ! !15) Понижение остроты зрения ниже 0,8 на одном глазу и ниже 0,5 - на другом, коррекция не допускается 
12! ! ! ! !16) Хронические заболевания слезовыводящих путей, век, органические недостатки век, препятствующие полному их смыканию, свободному движению глазного яблока 
12! ! ! ! !17) Ограничение поля зрения более чем на 20° 
12! ! ! ! !18) Болезни эндокринной системы, требующие постоянной лекарственной коррекции 
13!13. Работы, выполняемые с применением изолирующих средств индивидуальной защиты и фильтрующих противогазов с полной лицевой частью !1 раз в 2 года !Оториноларинголог !Спирометрия !1) Хронические заболевания 
13! ! !Невролог !Острота зрения !периферической нервной системы с 
13! ! !Офтальмолог !Поля зрения !частотой обострения 3 раза и 
13! ! !Хирург ! !более за календарный год 
13! ! !Стоматолог ! !2) Заболевания органов кровообращения, даже при наличии компенсации 
13! ! ! ! !3) Болезни зубов, полости рта, заболевания челюстно-лицевого аппарата (отсутствие зубов, наличие съемных протезов, анкилозы и контрактуры нижней челюсти, челюстной артрит) 
13! ! ! ! !4) Глаукома 
13! ! ! ! !5) Хронические заболевания верхних дыхательных путей 
13! ! ! ! !6) Хронические заболевания бронхолегочной системы с частотой обострения 2 раза и более за календарный год 
13! ! ! ! !7) Искривление носовой перегородки с нарушением функции носового дыхания 
13! ! ! ! !8) Деформация грудной клетки, вызывающая нарушение дыхания и затрудняющая работу в противогазах 
13! ! ! ! !9) Доброкачественные опухоли, препятствующие выполнению работ в противогазах 
13! ! ! ! !10) Хронические заболевания среднего уха 
13! ! ! ! !11) Заболевания вестибулярного анализатора любой этиологии 
13! ! ! ! !12) Понижение остроты зрения ниже 0,8 на одном глазу и ниже 0,5 - на другом, коррекция не допускается 
13! ! ! ! !13) Хронические заболевания слезовыводящих путей, век, органические недостатки век, препятствующие полному их смыканию, свободному движению глазного яблока 
13! ! ! ! !14) Ограничение поля зрения более чем на 10° 
13! ! ! ! !15) Стойкое понижение слуха (3 и более месяца) любой этиологии одно- и двустороннее (острота слуха: шепотная речь не менее 3 м), за исключением отсутствия слуха, выраженных и значительно выраженных нарушений слуха (глухота и III, IV степень тугоухости)
13! ! ! ! !16) Заболевания любой этиологии, вызывающие нарушение функции вестибулярного аппарата, синдромы головокружения, нистагм (болезнь Меньера, лабиринтиты, вестибулярные кризы любой этиологии и др.) 
13! ! ! ! !17) Беременность и период лактации 
14!14. Работы в организациях пищевой промышленности, молочных и раздаточных пунктах, на базах и складах продовольственных товаров, где имеется контакт с пищевыми продуктами в процессе их производства, хранения, реализации, в том числе работы по санитарной обработке и ремонту инвентаря, оборудования, а также работы, где имеется контакт с пищевыми продуктами при транспортировке их на всех видах транспорта !1 раз в год !Дерматовенеролог !Рентгенография грудной клетки !Заболевания и бактерионосительство: 
14! ! !Оториноларинголог !Исследование крови на сифилис !1) брюшной тиф, паратифы, сальмонеллез, дизентерия; 
14! ! !Стоматолог !Исследования на носительство возбудителей кишечных инфекций и серологическое обследование на брюшной тиф при поступлении на работу и в дальнейшем - по эпидпоказаниям !2) гельминтозы; 
14! ! !*Инфекционист !Исследования на гельминтозы при поступлении на работу и в дальнейшем - не реже 1 раза в год либо по эпидпоказаниям !3) сифилис в заразном периоде; 
14! ! ! !Мазок из зева и носа на наличие патогенного стафилококка при поступлении на работу, в дальнейшем - по медицинским и эпидпоказаниям !4) лепра; 
14! ! ! !!5) педикулез; 
14! ! ! !!6) заразные кожные заболевания: 
14! ! ! !!чесотка, трихофития, микроспория, парша, актиномикоз с изъязвлениями или свищами на открытых частях тела; 
14! ! ! !!7) заразные и деструктивные формы туберкулеза легких, внелегочный туберкулез с наличием свищей, бактериоурии, туберкулезной волчанки лица и рук; 
14! ! ! ! !8) гонорея (все формы) на срок проведения лечения антибиотиками и получения отрицательных результатов первого контроля; 
14! ! ! ! !9) инфекции кожи и подкожной клетчатки - только для работников акушерских и хирургических стационаров, отделений патологии новорожденных, недоношенных, а также занятых изготовлением и реализацией пищевых продуктов; 
14! ! ! ! !10) озена 
15!15. Работы в организациях общественного питания, торговли, буфетах, на пищеблоках, в том числе на транспорте !1 раз в год !Дерматовенеролог !Рентгенография грудной клетки !Заболевания и бактерионосительство: 
15! ! !Оториноларинголог Стоматолог !Исследование крови на сифилис !1) брюшной тиф, паратифы, сальмонеллез, дизентерия; 
15! ! !*Инфекционист ! !2) гельминтозы; 
15! ! ! !Исследования на носительство возбудителей кишечных инфекций и серологическое обследование на брюшной тиф при поступлении на работу и в дальнейшем - по эпидпоказаниям !3) сифилис в заразном периоде; 
15! ! ! !Исследования на гельминтозы при поступлении на работу и в дальнейшем - не реже 1 раза в год либо по эпидемиологическим показаниям !4) лепра; 
15! ! ! !Мазок из зева и носа на наличие патогенного стафилококка при поступлении на работу, в дальнейшем - по медицинским и эпидпоказаниям !5) педикулез; 
15! ! ! ! !6) заразные кожные заболевания: 
15! ! ! ! !чесотка, трихофития, микроспория, парша, актиномикоз с изъязвлениями или свищами на открытых частях тела; 
15! ! ! ! !7) заразные и деструктивные формы туберкулеза легких, внелегочный туберкулез с наличием свищей, бактериоурии, туберкулезной волчанки лица и рук; 
15! ! ! ! !8) гонорея (все формы) на срок проведения лечения антибиотиками и получения отрицательных результатов первого контроля; 
15! ! ! ! !9) инфекции кожи и подкожной клетчатки - только для работников, занятых изготовлением и реализацией пищевых продуктов; 
15! ! ! ! !10) озена 
16!16. Работы, выполняемые учащимися образовательных организаций общего и профессионального образования перед началом и в период прохождения практики в организациях, работники которых подлежат медицинским осмотрам (обследованиям) !1 раз в год !Дерматовенеролог !Рентгенография грудной клетки !Заболевания и бактерионосительство: 
16! ! !Оториноларинголог !Исследование крови на сифилис !1) брюшной тиф, паратифы, сальмонеллез, дизентерия; 
16! ! !Стоматолог !Мазки на гонорею при поступлении на работу !2) гельминтозы; 
16! ! !*Инфекционист !Исследования на носительство возбудителей кишечных инфекций и серологическое обследование на брюшной тиф при поступлении на работу и в дальнейшем - по эпидпоказаниям !3) сифилис в заразном периоде; 
16! ! ! !Исследования на гельминтозы при поступлении на работу и в дальнейшем - не реже 1 раза в год либо по эпидпоказаниям !4) лепра; 
16! ! ! ! !5) педикулез; 
16! ! ! ! !6) заразные кожные заболевания: 
16! ! ! ! !чесотка, трихофития, микроспория, парша, актиномикоз с изъязвлениями или свищами на открытых частях тела; 
16! ! ! ! !7) заразные и деструктивные формы туберкулеза легких, внелегочный туберкулез с наличием свищей, бактериоурии, туберкулезной волчанки лица и рук; 
16! ! ! ! !8) гонорея (все формы) на срок проведения лечения антибиотиками и получения отрицательных результатов первого контроля; 
16! ! ! ! !9) инфекции кожи и подкожной клетчатки - только для акушерских и хирургических стационаров, отделений патологии новорожденных, недоношенных, а также занятых изготовлением и реализацией пищевых продуктов; 
16! ! ! ! !10) озена 
17!17. Работы медицинского персонала лечебнопрофилактических учреждений, а также родильных домов (отделений), детских больниц (отделений), детских поликлиник, отделений патологии новорожденных, недоношенных !1 раз в год !Дерматовенеролог !Рентгенография грудной клетки !Заболевания и бактерионосительство: 
17! ! !Оториноларинголог !Исследование крови на сифилис!1) брюшной тиф, паратифы, 
17! ! !Стоматолог !Мазки на гонорею !сальмонеллез, дизентерия; 
17! ! !*Инфекционист !Исследования на носительство возбудителей кишечных инфекций и серологическое обследование на брюшной тиф при поступлении на работу и в дальнейшем - по эпидпоказаниям !2) гельминтозы; 
17! ! ! !Исследования на гельминтозы при поступлении на работу и в дальнейшем - не реже 1 раза в год либо по эпидпоказаниям!3) сифилис в заразном периоде; 
17! ! ! !Мазок из зева и носа на наличие патогенного стафилококка при поступлении на работу и в дальнейшем - 1 раз в 6 месяцев !4) лепра; 
17! ! ! ! !5) заразные кожные заболевания: 
17! ! ! ! !чесотка, трихофития, микроспория, парша, актиномикоз с изъязвлениями или свищами на открытых частях тела; 
17! ! ! ! !6) заразные и деструктивные формы туберкулеза легких, внелегочный туберкулез с наличием свищей, бактериоурии, туберкулезной волчанки лица и рук; 
17! ! ! ! !7) гонорея (все формы) на срок проведения лечения антибиотиками и получения отрицательных результатов первого контроля; 
17! ! ! ! !8) инфекции кожи и подкожной клетчатки - только для работников акушерских и хирургических стационаров, отделений патологии новорожденных, недоношенных, а также занятых изготовлением и реализацией пищевых продуктов; 
17! ! ! ! !9) озена 
18!18. Работы в образовательных организациях всех типов и видов, а также детских организациях, не осуществляющих образовательную деятельность (спортивные секции, творческие, досуговые детские организации и т.п.) !1 раз в год !Дерматовенеролог !Рентгенография грудной клетки Исследование крови на сифилис Мазки на гонорею при поступлении на работу !Заболевания и бактерионосительство: 
18! ! !Оториноларинголог !Исследования на гельминтозы при поступлении на работу и в дальнейшем - не реже 1 раза в год либо по эпидпоказаниям !1) брюшной тиф, паратифы, сальмонеллез, дизентерия; 
18! ! !Стоматолог ! !2) гельминтозы; 
18! ! !*Инфекционист ! !3) сифилис в заразном периоде; 
18! ! ! ! !4) лепра; 
18! ! ! ! !5) заразные кожные заболевания: 
18! ! ! ! !чесотка, трихофития, микроспория, парша, актиномикоз с изъязвлениями или свищами на открытых частях тела; 
18! ! ! ! !6) заразные и деструктивные формы туберкулеза легких, внелегочный туберкулез с наличием свищей, бактериоурии, туберкулезной волчанки лица и рук; 
18! ! ! ! !7) гонорея (все формы) - только для работников медицинских и детских дошкольных учреждений, непосредственно связанных с обслуживанием детей, - на срок проведения лечения антибиотиками и получения отрицательных результатов первого контроля; 
18! ! ! ! !8) озена 
19!19. Работы в детских и подростковых сезонных оздоровительных организациях !1 раз в год !Дерматовенеролог !Флюорография легких !Заболевания и бактерионосительство: 
19! ! !Оториноларинголог ! !1) брюшной тиф, паратифы, сальмонеллез, дизентерия; 
19! ! !* Инфекционист ! !2) гельминтозы; 
19! ! ! ! !3) сифилис в заразном периоде; 
19! ! ! ! !4) лепра; 
19! ! ! !Исследование крови на сифилис !5) заразные кожные заболевания: чесотка, трихофития, микроспория, парша, актиномикоз с изъязвлениями или свищами на открытых частях тела; 
19! ! ! !Мазки на гонорею при поступлении на работу !6) заразные и деструктивные формы туберкулеза легких, внелегочный туберкулез с наличием свищей, бактериоурии, туберкулезной волчанки лица и рук; 
19! ! ! !Исследования на носительство возбудителей кишечных инфекций и серологическое обследование на брюшной тиф при поступлении на работу и в дальнейшем - по эпидпоказаниям !7) гонорея (все формы) на срок проведения лечения антибиотиками и получения отрицательных результатов первого контроля; 
19! ! ! !Исследования на гельминтозы при поступлении на работу и в дальнейшем - не реже 1 раза в год либо по эпидпоказаниям !8) озена 
20!20. Работы в дошкольных образовательных организациях, домах ребенка, организациях для детей-сирот и детей, оставшихся без попечения родителей (лиц, их заменяющих), образовательных организациях интернатного типа, оздоровительных образовательных организациях, в том числе санаторного типа, детских санаториях, круглогодичных лагерях отдыха, а также социальных приютах и домах престарелых !1 раз в год !Дерматовенеролог !Рентгенография грудной клетки !Заболевания и бактерионосительство: 
20! ! !Оториноларинголог !Исследование крови на сифилис !1) брюшной тиф, паратифы, 
20! ! !Стоматолог !Мазки на гонорею !сальмонеллез, дизентерия; 
20! ! !*Инфекционист !Исследования на носительство возбудителей кишечных инфекций и серологическое обследование на брюшной тиф при поступлении на работу и в дальнейшем - по эпидпоказаниям !2) гельминтозы; 
20! ! ! !Исследования на гельминтозы при поступлении на работу и в дальнейшем - не реже 1 раза в год либо по эпидпоказаниям !3) сифилис в заразном периоде; 
20! ! ! ! !4) лепра; 
20! ! ! ! !5) заразные кожные заболевания: 
20! ! ! ! !чесотка, трихофития, микроспория, парша, актиномикоз с изъязвлениями или свищами на открытых частях тела; 
20! ! ! ! !6) заразные и деструктивные формы туберкулеза легких, внелегочный туберкулез с наличием свищей, бактериоурии, туберкулезной волчанки лица и рук; 
20! ! ! ! !7) гонорея (все формы) - только для работников медицинских и детских дошкольных учреждений, непосредственно связанных с обслуживанием детей, - на срок проведения лечения антибиотиками и получения отрицательных результатов первого контроля; 
20! ! ! ! !8) озена 
21!21. Работы в организациях бытового обслуживания (банщики, работники душевых, парикмахерских) !1 раз в год !Дерматовенеролог !Рентгенография грудной клетки !Заболевания и бактерионосительство: 
21! ! !Оториноларинголог !Исследование крови на сифилис !1) брюшной тиф, паратифы, 
21! ! !Стоматолог !Мазки на гонорею при поступлении на работу !сальмонеллез, дизентерия; 
21! ! !*Инфекционист !Исследования на носительство возбудителей кишечных инфекций и серологическое обследование на брюшной тиф при поступлении на работу и в дальнейшем - по эпидпоказаниям !2) гельминтозы; 
21! ! ! ! !3) сифилис в заразном периоде; 
21! ! ! ! !4) лепра; 
21! ! ! ! !5) заразные кожные заболевания: 
21! ! ! ! !чесотка, трихофития, микроспория, парша, актиномикоз с изъязвлениями или свищами на открытых частях тела; 
21! ! ! ! !6) заразные и деструктивные формы туберкулеза легких, внелегочный туберкулез с наличием свищей, бактериоурии, туберкулезной волчанки лица и рук; 
21! ! ! ! !7) гонорея (все формы) - только для работников медицинских и детских дошкольных учреждений, непосредственно связанных с обслуживанием детей, - на срок проведения лечения антибиотиками и получения отрицательных результатов первого контроля; 
21! ! ! ! !8) озена 
22!22. Работы в бассейнах, а также водолечебницах !1 раз в год !Дерматовенеролог !Рентгенография грудной клетки !Заболевания и бактерионосительство: 
22! ! !Оториноларинголог !Исследование крови на сифилис !1) брюшной тиф, паратифы, 
22! ! !Стоматолог !Мазки на гонорею при поступлении на работу !сальмонеллез, дизентерия; 
22! ! !*Инфекционист ! !2) гельминтозы; 
22! ! ! ! !3) сифилис в заразном периоде; 
22! ! ! ! !4) лепра; 
22! ! ! ! !5) заразные кожные заболевания: 
22! ! ! ! !чесотка, трихофития, микроспория, парша, актиномикоз с изъязвлениями или свищами на открытых частях тела; 
22! ! ! ! !6) заразные и деструктивные формы туберкулеза легких, внелегочный туберкулез с наличием свищей, бактериоурии, туберкулезной волчанки лица и рук; 
22! ! ! ! !7) гонорея (все формы) - только для работников медицинских и детских дошкольных учреждений, непосредственно связанных с обслуживанием детей, - на срок проведения лечения антибиотиками и получения отрицательных результатов первого контроля; 
22! ! ! ! !8) озена 
23!23. Работы в гостиницах, общежитиях, пассажирских вагонах (проводники), в должности стюардессы !1 раз в год !Дерматовенеролог !Рентгенография грудной клетки !Заболевания и бактерионосительство:
23! ! !Оториноларинголог !Исследование крови на сифилис !1) брюшной тиф, паратифы, сальмонеллез, дизентерия; 
23! ! !Стоматолог !Мазки на гонорею при поступлении на работу и в дальнейшем - 1 раз в год !2) гельминтозы; 
23! ! !*Инфекционист ! !3) сифилис в заразном периоде; 
23! ! ! ! !4) лепра; 
23! ! ! ! !5) заразные кожные заболевания: 
23! ! ! ! !чесотка, трихофития, микроспория, парша, актиномикоз с изъязвлениями или свищами на открытых частях тела; 
23! ! ! ! !6) заразные и деструктивные формы туберкулеза легких, внелегочный туберкулез с наличием свищей, бактериоурии, туберкулезной волчанки лица и рук; 
23! ! ! ! !7) гонорея (все формы); 
23! ! ! ! !8) озена 
24!24. Работы в организациях медицинской промышленности и аптечной сети, связанные с изготовлением, расфасовкой и реализацией лекарственных средств !1 раз в год !Дерматовенеролог !Рентгенография грудной клетки !Заболевания и бактерионосительство: 
24! ! !Оториноларинголог !Исследование крови !1) брюшной тиф, паратифы, 
24! ! !Стоматолог !Мазки на гонорею при поступлении на работу !сальмонеллез, дизентерия; 
24! ! !*Инфекционист !Исследования на гельминтозы при поступлении на работу и в дальнейшем - не реже 1 раза в год либо по эпидпоказаниям !2) гельминтозы; 
24! ! ! ! !3) сифилис в заразном периоде; 
24! ! ! ! !4) лепра; 
24! ! ! ! !5) заразные кожные заболевания: 
24! ! ! ! !чесотка, трихофития, микроспория, парша, актиномикоз с изъязвлениями или свищами на открытых частях тела; 
24! ! ! ! !6) заразные и деструктивные формы туберкулеза легких, внелегочный туберкулез с наличием свищей, бактериоурии, туберкулезной волчанки лица и рук; 
24! ! ! ! !7) гонорея (все формы); 
24! ! ! ! !8) инфекции кожи и подкожной клетчатки. 
25!25. Работы на водопроводных сооружениях, связанные с подготовкой воды и обслуживанием водопроводных сетей !1 раз в год !Дерматовенеролог !Рентгенография грудной клетки !Заболевания и бактерионосительство: 
25! ! !Оториноларинголог !Исследование крови !1) брюшной тиф, паратифы, сальмонеллез, дизентерия; 
25! ! !Стоматолог !Мазки на гонорею при поступлении на работу !2) гельминтозы; 
25! ! !*Инфекционист !Исследования на гельминтозы при поступлении на работу и в дальнейшем - не реже 1 раза в год, либо по эпидпоказаниям !3) сифилис в заразном периоде; 
25! ! ! ! !4) лепра; 
25! ! ! ! !5) заразные кожные заболевания: 
25! ! ! ! !чесотка, трихофития, микроспория, парша, актиномикоз с изъязвлениями или свищами на открытых частях тела; 
25! ! ! ! !6) заразные и деструктивные формы туберкулеза легких, внелегочный туберкулез с наличием свищей, бактериоурии, туберкулезной волчанки лица и рук; 
25! ! ! ! !7) гонорея (все формы); 
25! ! ! ! !8) инфекции кожи и подкожной клетчатки 
26!26. Работы, связанные с переработкой молока и изготовлением молочных продуктов !1 раз в год !Дерматовенеролог !Рентгенография грудной клетки !Заболевания и бактерионосительство: 
26! ! !Оториноларинголог !Исследование крови на сифилис !1) брюшной тиф, паратифы, сальмонеллез, дизентерия; 
26! ! !Стоматолог !Мазки на гонорею при поступлении на работу !2) гельминтозы; 
26! ! !*Инфекционист !Исследования на носительство возбудителей кишечных инфекций и серологическое обследование на брюшной тиф при поступлении на работу и в дальнейшем - по эпидпоказаниям !3) сифилис в заразном периоде; 
26! ! ! !Исследования на гельминтозы при поступлении на работу и в дальнейшем - не реже 1 раза в год либо по эпидпоказаниям !4) лепра; 
26! ! ! ! !5) заразные кожные заболевания: 
26! ! ! ! !чесотка, трихофития, микроспория, парша, актиномикоз с изъязвлениями или свищами на открытых частях тела; 
26! ! ! ! !6) заразные и деструктивные формы туберкулеза легких, внелегочный туберкулез с наличием свищей, бактериоурии, туберкулезной волчанки лица и рук; 
26! ! ! ! !7) гонорея (все формы); 
26! ! ! ! !8) инфекции кожи и подкожной клетчатки; 
26! ! ! ! !9) озена 
27!27. Управление наземными транспортными средствами: !1 раз в 2 года !Невролог !Рост, вес, определение группы крови и резусфактора (при прохождении предварительного медицинского осмотра) ! 
27! ! !Офтальмолог !Аудиометрия ! 
27! ! !Оториноларинголог !Исследование вестибулярного анализатора ! 
27! ! !Хирург !Острота зрения ! 
27! ! !Дерматовенеролог !Цветоощущение ! 
27! ! !*Эндокринолог !Определение полей зрения ! 
27! ! ! !Биомикроскопия сред глаза ! 
27! ! ! !Офтальмоскопия глазного дна ! 
27.1!"27.1. категории ""A"" "! ! ! !1) Острота зрения с коррекцией ниже 0,6 на лучшем глазу, ниже 0,2 - на худшем. 
27.1! ! ! ! !Допустимая коррекция при близорукости и дальнозоркости 8,0 D, в том числе контактными линзами, астигматизме - 3,0 D (сумма сферы и цилиндра не должна превышать 8,0 D). Разница в силе линз двух глаз не должна превышать 3,0 D. 
27.1! ! ! ! !2) Отсутствие зрения на одном глазу при остроте зрения ниже 0,8 (без коррекции) на другом. 
27.1! ! ! ! !3) Центральная скотома абсолютная или относительная (при скотоме и наличии изменений зрительной функции не ниже значений, указанных в п. 1 настоящей графы подпункта - допуск без ограничений). 
27.1! ! ! ! !4) Состояние после рефракционных операций на роговой оболочке (кератотомия, кератомилез, кератокоагуляция, рефракционная кератопластика). Допускаются к вождению лица через 3 месяца после операции при остроте зрения с коррекцией не ниже 0,6 на лучшем глазу, не ниже 0,2 - на худшем. 
27.1! ! ! ! !5) Допустимая коррекция при близорукости и дальнозоркости 8,0 D, в том числе контактными линзами, астигматизме - 3,0 D (сумма сферы и цилиндра не должна превышать 8,0 D). Разница в силе линз двух глаз не должна превышать 3,0 D, при отсутствии осложнений и исходной (до операции) рефракции - от +8,0 до -8,0 D. 
27.1! ! ! ! !При невозможности установить дооперационную рефракцию вопросы профессиональной пригодности решаются положительно при длине оси глаза от 21,5 до 27,0 мм. 
27.1! ! ! ! !6) Искусственный хрусталик, хотя бы на одном глазу. Допускаются стажированные водители при остроте зрения с коррекцией не ниже 0,6 на лучшем глазу, не ниже 0,2 - на худшем. Допустимая коррекция при близорукости и дальнозоркости 8,0 D, в том числе контактными линзами, астигматизме - 3,0 D (сумма сферы и цилиндра не должна превышать 8,0 D). Разница в силе линз двух глаз не должна превышать 3,0 D, нормальное поле зрения и отсутствие осложнений в течение полугода после операции. 
27.1! ! ! ! !7) Хронические заболевания оболочек глаза, сопровождающиеся значительным нарушением функции зрения, стойкие изменения век, в том числе и их слизистых оболочек, парезы мышц век, препятствующие зрению или ограничивающие движение глазного яблока (после оперативного лечения с положительным результатом допуск осуществляется индивидуально). 
27.1! ! ! ! !8) Хроническое, не поддающееся консервативному лечению воспаление слезного мешка, а также упорное, не поддающееся лечению слезотечение. 
27.1! ! ! ! !9) Паралитическое косоглазие и другие нарушения содружественного движения глаз. 
27.1! ! ! ! !10) Стойкая диплопия вследствие косоглазия любой этиологии. 
27.1! ! ! ! !11) Спонтанный нистагм при отклонении зрачков на 70° от среднего положения. 
27.1! ! ! ! !12) Ограничение поля зрения более чем на 20° в любом из меридианов. 
27.1! ! ! ! !13) Нарушение цветоощущения. 
27.1! ! ! ! !14) Заболевания сетчатки и зрительного нерва (пигментный ретинит, атрофия зрительного нерва, отслойка сетчатки и др.). 
27.1! ! ! ! !15) Глаукома 
27.1! ! ! ! !16) Отсутствие одной верхней или нижней конечности, кисти или стопы, а также деформация кисти или стопы, значительно затрудняющая их движение. В порядке исключения могут допускаться лица с одной ампутированной голенью, если ампутационная культя не менее 1/3 голени и подвижность в коленном суставе ампутированной конечности полностью сохранена. 
27.1! ! ! ! !17) Отсутствие пальцев или фаланг, а также неподвижность в межфаланговых суставах: 
27.1! ! ! ! !отсутствие двух фаланг большого пальца на правой или левой руке; 
27.1! ! ! ! !отсутствие или неподвижность двух или более пальцев на правой руке или полное сведение хотя бы одного пальца; 
27.1! ! ! ! !отсутствие или неподвижность трех или более пальцев на левой руке или полное сведение хотя бы одного пальца (при сохранении хватательной функции и силы кисти вопрос о допуске к управлению решается индивидуально). 
27.1! ! ! ! !18) Укорочение нижней конечности более чем на 6 см - освидетельствуемые могут быть признаны годными, если конечность не имеет дефектов со стороны костей, мягких тканей и суставов, объем движений сохранен, длина конечности более 75 см (от пяточной кости до середины большого вертела бедра). 
27.1! ! ! ! !19) Отсутствие верхней конечности или кисти, отсутствие нижней конечности на любом уровне бедра или голени при нарушении подвижности в коленном суставе. 
27.1! ! ! ! !20) Травматические деформации и дефекты костей черепа с наличием выраженной неврологической симптоматики, препятствующей управлению транспортными средствами. При наличии незначительной неврологической симптоматики допуск осуществляется индивидуально с переосвидетельствованием через один год. 
27.1! ! ! ! !21) Полная глухота на одно ухо (острота слуха: разговорная речь на другое ухо менее 3 м, шепотная речь менее 1 м, или разговорная речь на каждое ухо менее 2 м (при полной глухоте, глухонемоте допуск осуществляется с переосвидетельствованием не реже чем 1 раз в год), за исключением отсутствия слуха, выраженных и значительно выраженных нарушений слуха (глухота и III, IV степень тугоухости))
27.1! ! ! ! !22) Хроническое одностороннее или двустороннее гнойное воспаление среднего уха, осложненное холестеатомой, грануляциями или полипом (эпитимпанит). Наличие фистульного симптома (после оперативного лечения с хорошим результатом вопрос решается индивидуально). 
27.1! ! ! ! !23) Хронический гнойный мастоидит, осложнения вследствие мастоидэктомии (киста, свищ). 
27.1! ! ! ! !24) Заболевания любой этиологии, вызывающие нарушения функции вестибулярного анализатора, синдромы головокружения, нистагм (болезнь Меньера, лабиринтиты, вестибулярные кризы любой этиологии и др.). 
27.1! ! ! ! !25) Болезни эндокринной системы прогрессирующего течения со стойкими выраженными нарушениями функций других органов и систем (допуск к вождению решается индивидуально при условии ежегодного переосвидетельствования после обследования и лечения у эндокринолога). 
27.1! ! ! ! !26) Ишемическая болезнь сердца: 
27.1! ! ! ! !стенокардия нестабильная, стенокардия напряжения, ФК III ст., нарушения сердечного ритма высокой градации либо сочетание указанных состояний (допуск к вождению решается индивидуально при условии ежегодного переосвидетельствования после обследования и лечения у кардиолога). 
27.1! ! ! ! !27) Гипертоническая болезнь III стадии, 3 степени, риск IV (допуск к вождению решается индивидуально при условии ежегодного переосвидетельствования по результатам лечения и рекомендаций кардиолога). 
27.1! ! ! ! !28) Болезни бронхолегочной системы с явлениями дыхательной недостаточности или легочносердечной недостаточностью 2 - 3 ст. (допуск к вождению решается индивидуально после обследования и лечения у пульмонолога). 
27.1! ! ! ! !29) Выпадение матки и влагалища, ретровагинальные и пузырновлагалищные свищи, разрывы промежности с нарушением целостности сфинктеров прямой кишки, водянка яичка или семенного канатика, грыжи и другие заболевания, вызывающие ограничения и болезненность движений, препятствующих управлению транспортными средствами. 
27.2!"27.2. категории ""A1"" "! ! ! !1) Острота зрения ниже 0,5 на лучшем глазу и ниже 0,2 - на худшем глазу (с коррекцией); 
27.2! ! ! ! !отсутствие зрения на одном глазу при остроте зрения ниже 0,8 (без коррекции) на другом. 
27.2! ! ! ! !Подпункт 2) - Утратил силу. 
27.2! ! ! ! !3) Отсутствие верхней конечности или кисти, отсутствие нижней конечности на любом уровне бедра или голени при нарушении подвижности в коленном суставе. 
27.2! ! ! ! !4) Заболевания любой этиологии, вызывающие нарушения функции вестибулярного анализатора, синдромы головокружения, нистагм (болезнь Меньера, лабиринтиты, вестибулярные кризы любой этиологии и др.). 
27.2! ! ! ! !5) Выпадение матки и влагалища, ретровагинальные и пузырновлагалищные свищи, разрывы промежности с нарушением целостности сфинктеров прямой кишки, водянка яичка или семенного канатика, грыжи и другие заболевания, вызывающие ограничения и болезненность движений, препятствующих управлению транспортными средствами. 
27.3!"27.3. категории ""B"" "! ! ! !1) Медицинские противопоказания, изложенные в п. 3 - 25 настоящей графы подпункта 28.1. 
27.3! ! ! ! !2) Понижение остроты зрения ниже 0,5 на лучшем глазу и ниже 0,2 - на худшем глазу (с коррекцией). 
27.3! ! ! ! !3) Отсутствие зрения на одном глазу при остроте зрения ниже 0,8 (без коррекции) на другом. 
27.3! ! ! ! !4) Для водителей такси и водителей транспортных средств оперативных служб (скорая медицинская помощь, противопожарная служба, милиция, аварийно-спасательная служба, военная автомобильная инспекция) - острота зрения с коррекцией ниже 0,8 на одном глазу, ниже 0,4 - на другом. 
27.3! ! ! ! !Допустимая коррекция при близорукости и гиперметропии 8,0 D, в том числе контактными линзами, астигматизме - 3,0 D (сумма сферы и цилиндра не должна превышать 8,0 D). Разница в силе линз двух глаз не должна превышать 3,0 D. 
27.4!"27.4. категории ""B1"" "! ! ! !1) Медицинские противопоказания, изложенные в подпункте 28.1 настоящей графы. 
27.4! ! ! ! !2) Состояние после рефракционных операций на роговой оболочке) - допускаются к вождению лица через 3 месяца после операции при остроте зрения с коррекцией не ниже 0,6 на лучшем глазу, не ниже 0,2 - на худшем. 
27.5!"27.5. категории ""BE"" "! ! ! !Медицинские противопоказания, изложенные в подпункте 28.4 настоящей графы. 
27.6!"27.6. категории ""C"" "! ! ! !1) Медицинские противопоказания, изложенные в п. 3 - 25 настоящей графы подпункта 28.1. 
27.6! ! ! ! !2) Острота зрения с коррекцией ниже 0,8 на одном глазу, ниже 0,4 - на другом. Допустимая коррекция при близорукости и гиперметропии 8,0 D, в том числе контактными линзами, астигматизме - 3,0 D (сумма сферы и цилиндра не должна превышать 8,0 D). Разница в силе линз двух глаз не должна превышать 3,0 D. 
27.6! ! ! ! !3) Отсутствие зрения на одном глазу при остроте зрения ниже 0,8 (без коррекции) на другом. Искусственный хрусталик, хотя бы на одном глазу. 
27.6! ! ! ! !4) Восприятие разговорной речи на одно или оба уха на расстоянии менее 3 м, шепотной речи - на расстоянии 1 м (при полной глухоте на одно ухо и восприятии разговорной речи на расстоянии менее 3 м на другое ухо или восприятии разговорной речи не менее 2 м на каждое ухо, вопрос о допуске стажированных водителей решается индивидуально при ежегодном переосвидетельствовании). 
27.6! ! ! ! !5) Отсутствие одной верхней или нижней конечности, кисти или стопы, а также деформация кисти или стопы, значительно затрудняющая их движение, - не допускаются во всех случаях. 
27.6! ! ! ! !6) Отсутствие пальцев или фаланг, а также неподвижность в межфаланговых суставах рук - не допускаются даже при сохранной хватательной функции. 
27.6! ! ! ! !7) Травматические деформации и дефекты костей черепа с наличием выраженной неврологической симптоматики. 
27.6! ! ! ! !8) Ишемическая болезнь сердца: стенокардия нестабильная, стенокардия напряжения, ФК III, нарушения сердечного ритма высокой градации либо сочетание указанных состояний. 
27.6! ! ! ! !9) Гипертоническая болезнь II - III ст. При гипертонической болезни 1 ст. допуск осуществляется индивидуально при условии ежегодного освидетельствования. 
27.6! ! ! ! !10) Диабет (все виды и формы). 
27.6! ! ! ! !11) Рост ниже 150 см (вопрос решается индивидуально), резкое отставание физического развития. 
27.6! ! ! ! !12) Беременность и период лактации 
27.7!"27.7. категории "" C1"" "!1 раз в 2 года ! ! !Медицинские противопоказания, изложенные в подпункте 28.6 настоящей графы. 
27.8!"27.8. категории ""CE"" "!1 раз в 2 года ! ! !Медицинские противопоказания, изложенные в подпункте 28.6 настоящей графы. 
27.9!"27.9. категории ""D"" "!1 раз в 2 года ! ! !1) Медицинские противопоказания, изложенные в подпункте 28.6 настоящей графы. 
27.9! ! ! ! !2) При дефектах речи и логоневрозе (заикание) в тяжелых формах - для водителей пассажирского транспорта допуск осуществляется индивидуально. 
27.10!"27.10. категории ""D1"" "!1 раз в 2 года ! ! !1) Медицинские противопоказания, изложенные в подпункте 28.6 настоящей графы. 
27.10! ! ! ! !2) При дефектах речи и логоневрозе (заикание) в тяжелых формах - для водителей пассажирского транспорта допуск осуществляется индивидуально. 
27.11!"27.11. категории ""D1E"" "!1 раз в 2 года ! ! !Медицинские противопоказания, изложенные в подпункте 28.6 настоящей графы. 
27.12!27.12. Трамвай, троллейбус !1 раз в 2 года ! ! !1) Медицинские противопоказания, изложенные в подпункте 28.6 настоящей графы. 
27.12! ! ! ! !2) Водители трамвая и троллейбуса с имплантированными искусственными водителями ритма к работе не допускаются. 
27.13!27.13. Трактора и другие самоходные машины !1 раз в 2 года ! ! !Медицинские противопоказания, изложенные в подпункте 28.4 настоящей графы. 
27.14!27.14. Минитрактора, мотоблоки, автопогрузчики, электрокары, регулировщики и т.п. !1 раз в 2 года ! ! !Медицинские противопоказания, изложенные в подпункте 28.4 настоящей графы. 
27.15!27.15. Автомобили всех категорий с ручным управлением для инвалидов !1 раз в 2 года ! ! !Медицинские противопоказания, изложенные в подпункте 28.1 настоящей графы, кроме состояний и заболеваний, указанных в пунктах с 16 по 19 включительно. 
27.15! ! ! ! !1) Отсутствие одной верхней конечности или кисти, а также деформация кисти, значительно затрудняющая ее движение. 
27.15! ! ! ! !2) Отсутствие пальцев или фаланг верхних конечностей, а также неподвижность в межфаланговых суставах верхних конечностей: 
27.15! ! ! ! !отсутствие двух фаланг большого пальца на правой или левой руке; 
27.15! ! ! ! !отсутствие или неподвижность двух или более пальцев на правой руке или полное сведение хотя бы одного пальца; 
27.15! ! ! ! !отсутствие или неподвижность трех или более пальцев на левой руке или полное сведение хотя бы одного пальца (при сохранении хватательной функции и силы кисти вопрос о допуске к управлению решается индивидуально). 
27.15! ! ! ! !3) Отсутствие верхней конечности или кисти. 
27.15! ! ! ! !4) Состояние после рефракционных операций на роговой оболочке) - допускаются к вождению лица через 3 месяца после операции при остроте зрения с коррекцией не ниже 0,6 на лучшем глазу, не ниже 0,2 - на худшем. 
27.16!27.16. Мотоколяски для инвалидов !1 раз в 2 года ! ! !Медицинские противопоказания, изложенные в подпункте 28.1 настоящей графы, кроме состояний и заболеваний, указанных в пунктах с 16 по 19 включительно. 
27.16! ! ! ! !1) Отсутствие одной верхней конечности или кисти, а также деформация кисти, значительно затрудняющая ее движение. 
27.16! ! ! ! !2) Отсутствие пальцев или фаланг верхних конечностей, а также неподвижность в межфаланговых суставах верхних конечностей: 
27.16! ! ! ! !отсутствие двух фаланг большого пальца на правой или левой руке; 
27.16! ! ! ! !отсутствие или неподвижность двух или более пальцев на правой руке или полное сведение хотя бы одного пальца; 
27.16! ! ! ! !отсутствие или неподвижность трех или более пальцев на левой руке или полное сведение хотя бы одного пальца (при сохранении хватательной функции и силы кисти вопрос о допуске к управлению решается индивидуально). 
27.16! ! ! ! !3) Отсутствие верхней конечности или кисти. 
27.16!! ! ! ! !4) Состояние после рефракционных операций на роговой оболочке) - допускаются к вождению лица через 3 месяца после операции при остроте зрения с коррекцией не ниже 0,6 на лучшем глазу, не ниже 0,2 - на худшем. 
